name,url,bytes,source
20110415-asx200-removal.pdf,https://files.marketindex.com.au/files/announcements/20110415-asx200-removal.pdf,95413,marketindex
20110502-asx200-addition.pdf,https://files.marketindex.com.au/files/announcements/20110502-asx200-addition.pdf,99208,marketindex
20110527-asx200-addition.pdf,https://files.marketindex.com.au/files/announcements/20110527-asx200-addition.pdf,97963,marketindex
20110602-asx200-removal.pdf,https://files.marketindex.com.au/files/announcements/20110602-asx200-removal.pdf,99250,marketindex
20110603-asx200-rebalance.pdf,https://files.marketindex.com.au/files/announcements/20110603-asx200-rebalance.pdf,101300,marketindex
20110902-asx200-rebalance.pdf,https://files.marketindex.com.au/files/announcements/20110902-asx200-rebalance.pdf,116566,marketindex
20111026-asx200-removal.pdf,https://files.marketindex.com.au/files/announcements/20111026-asx200-removal.pdf,111911,marketindex
20111111-asx200-addition.pdf,https://files.marketindex.com.au/files/announcements/20111111-asx200-addition.pdf,111711,marketindex
20111125-asx200-removal.pdf,https://files.marketindex.com.au/files/announcements/20111125-asx200-removal.pdf,110657,marketindex
20111202-asx200-rebalance.pdf,https://files.marketindex.com.au/files/announcements/20111202-asx200-rebalance.pdf,104380,marketindex
20120302-asx200-rebalance.pdf,https://files.marketindex.com.au/files/announcements/20120302-asx200-rebalance.pdf,98963,marketindex
20120321-asx200-removal.pdf,https://files.marketindex.com.au/files/announcements/20120321-asx200-removal.pdf,98553,marketindex
20120405-asx200-removal.pdf,https://files.marketindex.com.au/files/announcements/20120405-asx200-removal.pdf,97571,marketindex
20120412-asx200-removal.pdf,https://files.marketindex.com.au/files/announcements/20120412-asx200-removal.pdf,155554,marketindex
20120601-asx200-rebalance.pdf,https://files.marketindex.com.au/files/announcements/20120601-asx200-rebalance.pdf,105746,marketindex
20120620-asx200-removal.pdf,https://files.marketindex.com.au/files/announcements/20120620-asx200-removal.pdf,103146,marketindex
20120720-asx200-removal.pdf,https://files.marketindex.com.au/files/announcements/20120720-asx200-removal.pdf,113980,marketindex
20120907-asx200-rebalance.pdf,https://files.marketindex.com.au/files/announcements/20120907-asx200-rebalance.pdf,117573,marketindex
20121207-asx200-rebalance.pdf,https://files.marketindex.com.au/files/announcements/20121207-asx200-rebalance.pdf,117116,marketindex
20130301-asx200-rebalance.pdf,https://files.marketindex.com.au/files/announcements/20130301-asx200-rebalance.pdf,118187,marketindex
20130607-asx200-rebalance.pdf,https://files.marketindex.com.au/files/announcements/20130607-asx200-rebalance.pdf,118584,marketindex
20130906-asx200-rebalance.pdf,https://files.marketindex.com.au/files/announcements/20130906-asx200-rebalance.pdf,118333,marketindex
20131108-asx200-removal.pdf,https://files.marketindex.com.au/files/announcements/20131108-asx200-removal.pdf,115393,marketindex
20131202-asx200-no-change.pdf,https://files.marketindex.com.au/files/announcements/20131202-asx200-no-change.pdf,114490,marketindex
20131206-asx200-rebalance.pdf,https://files.marketindex.com.au/files/announcements/20131206-asx200-rebalance.pdf,119800,marketindex
20131210-asx200-addition.pdf,https://files.marketindex.com.au/files/announcements/20131210-asx200-addition.pdf,114407,marketindex
20140212-asx200-removal.pdf,https://files.marketindex.com.au/files/announcements/20140212-asx200-removal.pdf,114010,marketindex
20140307-asx200-rebalance.pdf,https://files.marketindex.com.au/files/announcements/20140307-asx200-rebalance.pdf,119271,marketindex
20140423-asx200-removal.pdf,https://files.marketindex.com.au/files/announcements/20140423-asx200-removal.pdf,114977,marketindex
20140520-asx200-removal.pdf,https://files.marketindex.com.au/files/announcements/20140520-asx200-removal.pdf,115018,marketindex
20140606-asx200-rebalance.pdf,https://files.marketindex.com.au/files/announcements/20140606-asx200-rebalance.pdf,115953,marketindex
20140707-asx200-removal.pdf,https://files.marketindex.com.au/files/announcements/20140707-asx200-removal.pdf,115187,marketindex
20140714-asx200-removal.pdf,https://files.marketindex.com.au/files/announcements/20140714-asx200-removal.pdf,113844,marketindex
20140808-asx200-removal.pdf,https://files.marketindex.com.au/files/announcements/20140808-asx200-removal.pdf,115277,marketindex
20140815-asx200-removal.pdf,https://files.marketindex.com.au/files/announcements/20140815-asx200-removal.pdf,115579,marketindex
20140905-asx200-rebalance.pdf,https://files.marketindex.com.au/files/announcements/20140905-asx200-rebalance.pdf,116364,marketindex
20141008-asx200-removal.pdf,https://files.marketindex.com.au/files/announcements/20141008-asx200-removal.pdf,114344,marketindex
20141205-asx200-rebalance.pdf,https://files.marketindex.com.au/files/announcements/20141205-asx200-rebalance.pdf,163458,marketindex
20150224-asx200-removal.pdf,https://files.marketindex.com.au/files/announcements/20150224-asx200-removal.pdf,157098,marketindex
20150306-asx200-rebalance.pdf,https://files.marketindex.com.au/files/announcements/20150306-asx200-rebalance.pdf,165296,marketindex
20150507-asx200-removal.pdf,https://files.marketindex.com.au/files/announcements/20150507-asx200-removal.pdf,158786,marketindex
20150515-asx200-removal.pdf,https://files.marketindex.com.au/files/announcements/20150515-asx200-removal.pdf,157923,marketindex
20150522-asx200-removal.pdf,https://files.marketindex.com.au/files/announcements/20150522-asx200-removal.pdf,161424,marketindex
20150605-asx200-rebalance.pdf,https://files.marketindex.com.au/files/announcements/20150605-asx200-rebalance.pdf,164223,marketindex
20150820-asx200-removal.pdf,https://files.marketindex.com.au/files/announcements/20150820-asx200-removal.pdf,250340,marketindex
20150903-asx200-removal.pdf,https://files.marketindex.com.au/files/announcements/20150903-asx200-removal.pdf,159280,marketindex
20150904-asx200-rebalance.pdf,https://files.marketindex.com.au/files/announcements/20150904-asx200-rebalance.pdf,165584,marketindex
20151204-asx200-rebalance.pdf,https://files.marketindex.com.au/files/announcements/20151204-asx200-rebalance.pdf,165094,marketindex
20160125-asx200-demerger.pdf,https://files.marketindex.com.au/files/announcements/20160125-asx200-demerger.pdf,254268,marketindex
20160201-asx200-removal.pdf,https://files.marketindex.com.au/files/announcements/20160201-asx200-removal.pdf,254815,marketindex
20160204-asx200-removal.pdf,https://files.marketindex.com.au/files/announcements/20160204-asx200-removal.pdf,254373,marketindex
20160311-asx200-rebalance.pdf,https://files.marketindex.com.au/files/announcements/20160311-asx200-rebalance.pdf,317123,marketindex
20160414-asx200-removal.pdf,https://files.marketindex.com.au/files/announcements/20160414-asx200-removal.pdf,253990,marketindex
20160503-asx200-removal.pdf,https://files.marketindex.com.au/files/announcements/20160503-asx200-removal.pdf,76208,marketindex
20160610-asx200-rebalance.pdf,https://files.marketindex.com.au/files/announcements/20160610-asx200-rebalance.pdf,137808,marketindex
20160617-asx200-demerger.pdf,https://files.marketindex.com.au/files/announcements/20160617-asx200-demerger.pdf,75740,marketindex
20160621-asx200-removal.pdf,https://files.marketindex.com.au/files/announcements/20160621-asx200-removal.pdf,75555,marketindex
20160722-asx200-removal.pdf,https://files.marketindex.com.au/files/announcements/20160722-asx200-removal.pdf,75790,marketindex
20160902-asx200-rebalance.pdf,https://files.marketindex.com.au/files/announcements/20160902-asx200-rebalance.pdf,140412,marketindex
20161205-asx200-removal.pdf,https://files.marketindex.com.au/files/announcements/20161205-asx200-removal.pdf,80587,marketindex
20161209-asx200-rebalance.pdf,https://files.marketindex.com.au/files/announcements/20161209-asx200-rebalance.pdf,142105,marketindex
20170421-asx200-removal.pdf,https://files.marketindex.com.au/files/announcements/20170421-asx200-removal.pdf,72655,marketindex
20170609-asx200-rebalance.pdf,https://files.marketindex.com.au/files/announcements/20170609-asx200-rebalance.pdf,129681,marketindex
20170728-asx200-removal.pdf,https://files.marketindex.com.au/files/announcements/20170728-asx200-removal.pdf,73711,marketindex
20170901-asx200-rebalance.pdf,https://files.marketindex.com.au/files/announcements/20170901-asx200-rebalance.pdf,128675,marketindex
20171107-asx200-addition.pdf,https://files.marketindex.com.au/files/announcements/20171107-asx200-addition.pdf,66429,marketindex
20171206-asx200-removal.pdf,https://files.marketindex.com.au/files/announcements/20171206-asx200-removal.pdf,66825,marketindex
20171208-asx200-rebalance.pdf,https://files.marketindex.com.au/files/announcements/20171208-asx200-rebalance.pdf,128295,marketindex
20180309-asx200-rebalance.pdf,https://files.marketindex.com.au/files/announcements/20180309-asx200-rebalance.pdf,130569,marketindex
20180503-asx200-removal.pdf,https://files.marketindex.com.au/files/announcements/20180503-asx200-removal.pdf,72393,marketindex
20180507-asx200-update.pdf,https://files.marketindex.com.au/files/announcements/20180507-asx200-update.pdf,67398,marketindex
20180518-asx200-removal.pdf,https://files.marketindex.com.au/files/announcements/20180518-asx200-removal.pdf,72430,marketindex
20180524-asx200-demerger.pdf,https://files.marketindex.com.au/files/announcements/20180524-asx200-demerger.pdf,71013,marketindex
20180608-asx200-rebalance.pdf,https://files.marketindex.com.au/files/announcements/20180608-asx200-rebalance.pdf,127098,marketindex
20180831-asx200-removal.pdf,https://files.marketindex.com.au/files/announcements/20180831-asx200-removal.pdf,72052,marketindex
20180905-asx200-update.pdf,https://files.marketindex.com.au/files/announcements/20180905-asx200-update.pdf,72057,marketindex
20180907-asx200-rebalance.pdf,https://files.marketindex.com.au/files/announcements/20180907-asx200-rebalance.pdf,133592,marketindex
20180910-asx200-removal.pdf,https://files.marketindex.com.au/files/announcements/20180910-asx200-removal.pdf,72567,marketindex
20181004-asx200-removal.pdf,https://files.marketindex.com.au/files/announcements/20181004-asx200-removal.pdf,75673,marketindex
20181011-asx200-removal.pdf,https://files.marketindex.com.au/files/announcements/20181011-asx200-removal.pdf,75850,marketindex
20181114-asx200-demerger.pdf,https://files.marketindex.com.au/files/announcements/20181114-asx200-demerger.pdf,82639,marketindex
20181121-asx200-removal.pdf,https://files.marketindex.com.au/files/announcements/20181121-asx200-removal.pdf,86413,marketindex
20181129-asx200-removal.pdf,https://files.marketindex.com.au/files/announcements/20181129-asx200-removal.pdf,86670,marketindex
20181214-asx200-rebalance.pdf,https://files.marketindex.com.au/files/announcements/20181214-asx200-rebalance.pdf,81235,marketindex
20190308-asx200-rebalance.pdf,https://files.marketindex.com.au/files/announcements/20190308-asx200-rebalance.pdf,132411,marketindex
20190415-asx200-removal.pdf,https://files.marketindex.com.au/files/announcements/20190415-asx200-removal.pdf,80502,marketindex
20190614-asx200-rebalance.pdf,https://files.marketindex.com.au/files/announcements/20190614-asx200-rebalance.pdf,213998,marketindex
20190731-asx200-removal.pdf,https://files.marketindex.com.au/files/announcements/20190731-asx200-removal.pdf,79605,marketindex
20190906-asx200-rebalance.pdf,https://files.marketindex.com.au/files/announcements/20190906-asx200-rebalance.pdf,135577,marketindex
20191107-asx200-removal.pdf,https://files.marketindex.com.au/files/announcements/20191107-asx200-removal.pdf,85749,marketindex
20191205-asx200-removal.pdf,https://files.marketindex.com.au/files/announcements/20191205-asx200-removal.pdf,86795,marketindex
20191213-asx200-rebalance.pdf,https://files.marketindex.com.au/files/announcements/20191213-asx200-rebalance.pdf,150560,marketindex
20200313-asx200-rebalance.pdf,https://files.marketindex.com.au/files/announcements/20200313-asx200-rebalance.pdf,153337,marketindex
20200316-asx200-demerger.pdf,https://files.marketindex.com.au/files/announcements/20200316-asx200-demerger.pdf,85356,marketindex
20200323-asx200-rebalance-delayed.pdf,https://files.marketindex.com.au/files/announcements/20200323-asx200-rebalance-delayed.pdf,249120,marketindex
20200612-asx200-rebalance.pdf,https://files.marketindex.com.au/files/announcements/20200612-asx200-rebalance.pdf,136942,marketindex
20200625-asx200-demerger.pdf,https://files.marketindex.com.au/files/announcements/20200625-asx200-demerger.pdf,83203,marketindex
20200630-asx200-removal.pdf,https://files.marketindex.com.au/files/announcements/20200630-asx200-removal.pdf,84775,marketindex
20210127-asx200-removal.pdf,https://files.marketindex.com.au/files/announcements/20210127-asx200-removal.pdf,84399,marketindex
20210416-asx200-removal.pdf,https://files.marketindex.com.au/files/announcements/20210416-asx200-removal.pdf,97324,marketindex
20210618-asx200-demerger.pdf,https://files.marketindex.com.au/files/announcements/20210618-asx200-demerger.pdf,79469,marketindex
20210622-asx200-removal.pdf,https://files.marketindex.com.au/files/announcements/20210622-asx200-removal.pdf,97256,marketindex
20210708-asx200-removal.pdf,https://files.marketindex.com.au/files/announcements/20210708-asx200-removal.pdf,98256,marketindex
20211124-asx200-removal.pdf,https://files.marketindex.com.au/files/announcements/20211124-asx200-removal.pdf,92012,marketindex
20211207-asx200-removal.pdf,https://files.marketindex.com.au/files/announcements/20211207-asx200-removal.pdf,84507,marketindex
20211208-asx200-removal.pdf,https://files.marketindex.com.au/files/announcements/20211208-asx200-removal.pdf,77771,marketindex
20220112-asx200-consultation.pdf,https://files.marketindex.com.au/files/announcements/20220112-asx200-consultation.pdf,164342,marketindex
20220114-asx200-removal.pdf,https://files.marketindex.com.au/files/announcements/20220114-asx200-removal.pdf,77984,marketindex
20220201-asx200-removal.pdf,https://files.marketindex.com.au/files/announcements/20220201-asx200-removal.pdf,90442,marketindex
20220203-asx200-removal.pdf,https://files.marketindex.com.au/files/announcements/20220203-asx200-removal.pdf,89983,marketindex
20220304-asx200-rebalance.pdf,https://files.marketindex.com.au/files/announcements/20220304-asx200-rebalance.pdf,115477,marketindex
20220407-asx200-removal.pdf,https://files.marketindex.com.au/files/announcements/20220407-asx200-removal.pdf,82601,marketindex
20220517-asx200-demerger.pdf,https://files.marketindex.com.au/files/announcements/20220517-asx200-demerger.pdf,34356,marketindex
20220519-asx200-removal.pdf,https://files.marketindex.com.au/files/announcements/20220519-asx200-removal.pdf,70119,marketindex
20220520-asx200-adjournment.pdf,https://files.marketindex.com.au/files/announcements/20220520-asx200-adjournment.pdf,74122,marketindex
20220603-asx200-rebalance.pdf,https://files.marketindex.com.au/files/announcements/20220603-asx200-rebalance.pdf,109669,marketindex
20220615-asx200-removal.pdf,https://files.marketindex.com.au/files/announcements/20220615-asx200-removal.pdf,76722,marketindex
20220715-asx200-removal.pdf,https://files.marketindex.com.au/files/announcements/20220715-asx200-removal.pdf,84921,marketindex
20220725-asx200-demerger.pdf,https://files.marketindex.com.au/files/announcements/20220725-asx200-demerger.pdf,65380,marketindex
20220902-asx200-rebalance.pdf,https://files.marketindex.com.au/files/announcements/20220902-asx200-rebalance.pdf,117948,marketindex
20221202-asx200-rebalance.pdf,https://files.marketindex.com.au/files/announcements/20221202-asx200-rebalance.pdf,114427,marketindex
20230106-asx200-removal.pdf,https://files.marketindex.com.au/files/announcements/20230106-asx200-removal.pdf,144308,marketindex
20230303-asx200-rebalance.pdf,https://files.marketindex.com.au/files/announcements/20230303-asx200-rebalance.pdf,86864,marketindex
20230413-asx200-removal.pdf,https://files.marketindex.com.au/files/announcements/20230413-asx200-removal.pdf,69954,marketindex
20230602-asx200-rebalance.pdf,https://files.marketindex.com.au/files/announcements/20230602-asx200-rebalance.pdf,82444,marketindex
20230718-asx200-removal.pdf,https://files.marketindex.com.au/files/announcements/20230718-asx200-removal.pdf,166305,marketindex
20230728-asx200-demerger.pdf,https://files.marketindex.com.au/files/announcements/20230728-asx200-demerger.pdf,29031,marketindex
20230901-asx200-rebalance.pdf,https://files.marketindex.com.au/files/announcements/20230901-asx200-rebalance.pdf,128877,marketindex
20231013-asx200-removal.pdf,https://files.marketindex.com.au/files/announcements/20231013-asx200-removal.pdf,85835,marketindex
20231024-asx200-removal.pdf,https://files.marketindex.com.au/files/announcements/20231024-asx200-removal.pdf,70075,marketindex
20231201-asx200-rebalance.pdf,https://files.marketindex.com.au/files/announcements/20231201-asx200-rebalance.pdf,128071,marketindex
20231219-asx200-removal.pdf,https://files.marketindex.com.au/files/announcements/20231219-asx200-removal.pdf,71649,marketindex
20240201-asx200-removal.pdf,https://files.marketindex.com.au/files/announcements/20240201-asx200-removal.pdf,113927,marketindex
20240301-asx200-rebalance.pdf,https://files.marketindex.com.au/files/announcements/20240301-asx200-rebalance.pdf,106204,marketindex
20240502-asx200-removal.pdf,https://files.marketindex.com.au/files/announcements/20240502-asx200-removal.pdf,76639,marketindex
20240531-asx200-removal.pdf,https://files.marketindex.com.au/files/announcements/20240531-asx200-removal.pdf,61085,marketindex
20240607-asx200-rebalance.pdf,https://files.marketindex.com.au/files/announcements/20240607-asx200-rebalance.pdf,114629,marketindex
20240611-asx200-removal.pdf,https://files.marketindex.com.au/files/announcements/20240611-asx200-removal.pdf,72532,marketindex
20240719-asx200-removal.pdf,https://files.marketindex.com.au/files/announcements/20240719-asx200-removal.pdf,27127,marketindex
20240906-asx200-rebalance.pdf,https://files.marketindex.com.au/files/announcements/20240906-asx200-rebalance.pdf,69528,marketindex
20240918-asx200-removal.pdf,https://files.marketindex.com.au/files/announcements/20240918-asx200-removal.pdf,57109,marketindex
20241206-asx200-rebalance.pdf,https://files.marketindex.com.au/files/announcements/20241206-asx200-rebalance.pdf,68555,marketindex
20250228-asx200-removal.pdf,https://files.marketindex.com.au/files/announcements/20250228-asx200-removal.pdf,133495,marketindex
20250307-asx200-rebalance.pdf,https://files.marketindex.com.au/files/announcements/20250307-asx200-rebalance.pdf,137478,marketindex
20250416-asx200-removal.pdf,https://files.marketindex.com.au/files/announcements/20250416-asx200-removal.pdf,57225,marketindex
20250606-asx200-rebalance.pdf,https://files.marketindex.com.au/files/announcements/20250606-asx200-rebalance.pdf,73172,marketindex
20250715-asx200-removal.pdf,https://files.marketindex.com.au/files/announcements/20250715-asx200-removal.pdf,57083,marketindex
20250905-asx200-rebalance.pdf,https://files.marketindex.com.au/files/announcements/20250905-asx200-rebalance.pdf,77697,marketindex
20250909-asx200-removal.pdf,https://files.marketindex.com.au/files/announcements/20250909-asx200-removal.pdf,57237,marketindex
20250922-asx200-removal.pdf,https://files.marketindex.com.au/files/announcements/20250922-asx200-removal.pdf,57217,marketindex
20251205-asx200-rebalance.pdf,https://files.marketindex.com.au/files/announcements/20251205-asx200-rebalance.pdf,75445,marketindex
20260306-asx200-rebalance.pdf,https://files.marketindex.com.au/files/announcements/20260306-asx200-rebalance.pdf,109811,marketindex
20260413-asx200-removal.pdf,https://files.marketindex.com.au/files/announcements/20260413-asx200-removal.pdf,143976,marketindex
20260415-asx200-removal.pdf,https://files.marketindex.com.au/files/announcements/20260415-asx200-removal.pdf,143976,marketindex
20260606-asx200-rebalance.pdf,https://files.marketindex.com.au/files/announcements/20260606-asx200-rebalance.pdf,112029,marketindex
20210312-asx200-quarterly-march2021.pdf,https://www.asx.com.au/asxpdf/20210312/pdf/44tm5n0xpsn800.pdf,157761,quarterly-direct
