ticker,action,cohort,announcement_date,"ann[-1,+1]","ann[0,+1]","post[+2,+5]","post[+2,+10]","run[0,+10]","run[0,+20]"
FGL,Removal,off_cycle,2011-05-02,,,,,,
ACR,Addition,scheduled,2011-09-16,,,,,,
CNU,Removal,scheduled,2011-12-16,,,,,,
SLR,Addition,scheduled,2011-12-16,,,,,,
SUL,Addition,off_cycle,2012-03-21,0.9020143683255766,1.5263450339648599,2.764844941947331,1.108477681968878,2.634822715933738,6.79483094422817
TRY,Addition,off_cycle,2012-04-12,7.68057352841931,7.68057352841931,-4.610788618178874,-8.013395816676372,-0.33282228825706195,-1.5392972166880403
CDD,Addition,scheduled,2012-06-01,2.8545758642395724,2.955570233934779,-1.9546512525491222,-0.2632713721386293,2.692298861796149,1.180135918768077
PAN,Removal,scheduled,2012-09-07,14.175494896861496,16.083484613028265,7.615800637425374,10.815666968813954,26.899151581842215,33.392735955837985
LNC,Removal,scheduled,2012-12-07,12.920390963554441,8.803863446762495,23.509569805402457,29.09298094078298,37.89684438754547,61.97616616849939
MMS,Addition,scheduled,2012-12-07,0.24397160727460676,-0.0015840492170848819,3.0244566520496896,1.8447569679444054,1.8431729187273205,3.4859004935083755
MAH,Removal,scheduled,2012-12-07,-2.6829999458637954,-1.0765117280824077,-4.139313234648334,5.264056531108252,4.187544803025843,20.104864779130846
HZN,Addition,scheduled,2013-03-01,3.9080727684189576,5.248262553020089,-3.2910645896718105,-5.373507680508904,-0.12524512748881556,-5.532966393136951
MFG,Addition,scheduled,2013-03-01,-0.5571989194013467,3.0959055704262277,-8.941808223452652,-4.7670932871296525,-1.6711877167034257,-4.103873257026391
PMV,Addition,scheduled,2013-03-01,2.382572586787157,0.3240748540727534,-0.8262079089430996,-3.564969013178776,-3.2408941591060225,9.892974193643191
LNC,Addition,scheduled,2013-06-07,-9.025772435504443,-6.547814569145938,-22.160871978466147,-16.114765293270008,-22.662579862415946,-27.975757887496492
TRY,Removal,scheduled,2013-06-07,-3.092170911269388,-3.6881475923869593,12.682235523701834,1.329857545411226,-2.358290046975732,-27.756525537414422
DMP,Addition,scheduled,2013-06-07,0.9852712422991239,-1.7390055380545832,-1.0283100884996066,-3.0377511900408716,-4.776756728095455,-8.79985612299179
AHE,Addition,scheduled,2013-06-07,1.6171440974566131,0.5003340830057046,1.561964168817187,-43.370763085886594,-42.87042900288089,-7.2847505238356565
REA,Addition,scheduled,2013-06-07,-0.8678339098341143,-3.462818190813188,1.0488528112553075,-4.4161600670846735,-7.878978257897861,0.9022839637786499
SKT,Addition,scheduled,2013-09-06,3.48043634326487,2.2907272877059626,-1.0869901371453605,-4.365087419024983,-2.0743601313190196,8.565834359140146
MDL,Removal,scheduled,2013-09-06,2.123012024957016,-0.13978722164549318,1.4108094539791893,-8.2596063072787,-8.399393528924193,-17.03925255634822
BBG,Removal,scheduled,2013-09-06,-7.0196596130877476,-4.128858075634323,-0.14959241797305456,-2.374081377261559,-6.502939452895882,-25.941781281709186
EHL,Removal,scheduled,2013-09-06,12.995832677625096,10.35306439423842,-4.110979355600653,-4.802061406872505,5.551002987365915,9.188949144429333
KMD,Addition,off_cycle,2013-11-08,11.111176415937651,10.255047710846444,-2.0126052808551287,-2.415032985452526,7.840014725393918,6.707121120178519
LNC,Removal,off_cycle,2013-11-08,-8.048197172185967,-4.919622339679552,-19.066181038468667,-17.85108914077878,-22.77071148045833,-19.109891721967028
BXB,Addition,scheduled,2013-12-02,-1.0425590344151803,-0.1653183874221531,1.082415606989362,4.173550306072483,4.0082319186503295,5.269592279731516
RFG,Addition,scheduled,2013-12-06,0.8567735937891618,-1.273345303612583,1.8267018943259328,0.6822941440816521,-0.5910511595309309,3.190359487359118
FWD,Removal,scheduled,2013-12-06,-5.054324985821867,-1.0228748385173292,-0.6169653684809369,11.831149550927133,10.808274712409805,17.607354422317123
CDU,Removal,scheduled,2013-12-06,0.9684693624796292,0.8469180505375484,4.232899326300476,-3.7507505486786386,-2.9038324981410906,-12.598717862239095
VRL,Addition,scheduled,2013-12-06,35.80369271148149,1.0330195660156583,-24.110639146515666,-27.35913518616253,-26.326115620146872,-27.293946623505462
BLY,Removal,scheduled,2013-12-06,-4.392457251553005,1.066705252145339,13.396308580344096,26.046611036065826,27.113316288211163,54.01583000874744
KCN,Removal,scheduled,2013-12-06,4.16457099374361,3.2828360145823354,10.197011287031398,-0.7460754019725364,2.5367606126097986,8.501270929389367
SDL,Removal,scheduled,2013-12-06,2.470309707748508,1.0330195660156583,-9.57581292279659,-6.499063057227485,-5.466043491211826,-16.81081239665827
SGH,Addition,scheduled,2013-12-06,0.6565162591274154,1.0348486467724016,7.062263761397814,9.10308625343188,10.137934900204282,8.948899814715759
BCI,Addition,scheduled,2013-12-06,0.493217805282653,-0.34166503772616874,-0.6827374489808191,2.225583271145637,1.8839182334194682,-1.153661574001696
AMC,Addition,off_cycle,2013-12-10,2.8511015147861807,2.048939971086794,1.6390386172811522,0.422670728683483,2.4716106997702774,1.442096811200544
NEC,Addition,off_cycle,2014-02-12,0.19189951395193194,1.2710479706003475,-1.8690305586671174,0.28707824808105187,1.5581262186813993,6.836388660353299
BGA,Addition,scheduled,2014-03-07,0.46349594932794114,0.4579821423068786,1.5468445879559312,4.544098984354017,5.0020811266608955,-3.4814617388885583
DCG,Removal,scheduled,2014-03-07,3.5049680583540304,2.018969729125686,-5.458135065747927,-8.182588685447012,-6.163618956321326,1.1873448579769672
SLR,Removal,scheduled,2014-03-07,-16.425967820329134,-14.613299809168378,2.1903780770356036,5.600053456572473,-9.013246352595903,-23.624561587078404
OFX,Addition,scheduled,2014-03-07,0.3553632669945239,-0.25076033027034983,5.388453933713699,4.715447221901837,4.4646868916314855,-7.853908286579525
AGI,Addition,scheduled,2014-03-07,2.734428692062285,3.192964571130852,-4.08148783308625,-5.1427334518179375,-1.949768880687086,-7.251474467386157
PGH,Addition,scheduled,2014-03-07,0.6450785778124302,1.8068799458886398,2.3275488190046323,2.1926745844837225,3.9995545303723627,2.8648564548331983
EWC,Removal,scheduled,2014-03-07,-11.123935314243937,-11.129449121265,-4.642805727549826,2.402457643665435,-8.726991477599562,-14.763144810666581
AUT,Removal,off_cycle,2014-05-20,-11.510978441080955,-12.788583843526657,-6.362253105703985,33.34912177149539,20.560537927968735,20.812970045209944
SDF,Addition,off_cycle,2014-05-20,2.9470130933138106,1.9961736960347976,-3.80802119453697,-4.869306987342115,-2.873133291307317,-10.072756681959117
ACR,Removal,scheduled,2014-06-06,0.9658729369549035,0.17143614369754534,20.1023941854895,38.10675058692789,38.278186730625436,40.57110246056992
ENV,Removal,off_cycle,2014-08-08,0.9929955057528361,0.938568800382733,-1.9984657685712781,6.587418597164762,7.525987397547496,9.112178931695642
BRU,Removal,scheduled,2014-09-05,-3.528587390068172,-2.345424510370353,-5.480891417050515,-11.096342768473821,-13.441767278844175,-12.972693029600679
TRS,Removal,scheduled,2014-09-05,4.359032805721485,1.9375601342691007,-1.4684093207437132,-2.638715715409523,-0.701155581140422,-2.731072800324374
TNE,Addition,scheduled,2014-09-05,-1.8807636924432547,0.05465300035676357,-0.08756274140487852,0.23237890655429805,0.2870319069110616,0.25137501797971584
MPL,Addition,off_cycle,2015-02-24,-0.6256994106325187,0.22972985984391903,-0.0887313170105708,1.4258289804240376,1.6555588402679566,-4.04508670051883
EHE,Addition,scheduled,2015-03-06,3.652031566333025,3.6960890696071447,3.096993462643427,0.6330930809788082,4.329182150585953,6.3674975332782
CTD,Addition,scheduled,2015-03-06,-1.0082359858199608,1.9602710909205623,2.107146342213373,-0.18828988378289946,1.7719812071376628,-0.33955986029167207
MGX,Removal,scheduled,2015-03-06,-0.8127039116628598,-0.7686464083887401,-1.9572515107289514,-6.67461341673603,-7.44325982512477,-15.796190967751246
BCI,Removal,scheduled,2015-03-06,-8.747952437010753,-10.92612552218145,1.7949422290384547,-3.224064916144131,-14.150190438325584,-39.186267959882116
REG,Addition,scheduled,2015-03-06,6.169540459048672,6.954322625256593,0.4754704601374615,-7.436728133131288,-0.48240550787469516,9.004443458871691
LYC,Removal,scheduled,2015-03-06,-4.2654915567270635,-4.221434053452944,-3.773588316583465,-21.469210113398574,-25.690644166851513,-19.44922115796046
HZN,Removal,scheduled,2015-03-06,9.05353463951335,1.4052727430765355,-2.9132165699881294,-25.278538379150948,-23.87326563607441,-22.87490501611368
AAC,Addition,scheduled,2015-03-06,2.000090821131817,1.4092283142152384,0.743684896748853,-3.258760147891049,-1.8495318336758104,0.9350119643875225
MYX,Addition,off_cycle,2015-05-07,11.455466091294864,8.273286575759009,-7.245727756457187,-5.7467293708921225,2.5265572048668856,-8.67800061063343
FPH,Addition,off_cycle,2015-05-22,2.6439544473722876,3.050908167794719,0.39293158484374757,10.762241156068308,13.813149323863028,8.82908539082823
NSR,Addition,scheduled,2015-06-05,2.771273208197267,0.06072892428802268,0.6862364199703874,2.8139543036950765,2.874683227983099,7.290393785586502
BKL,Addition,off_cycle,2015-09-03,-2.4286835389085937,-4.667235321336838,7.944521874564326,22.19918568939923,17.53195036806239,24.344288492025033
KMD,Removal,scheduled,2015-09-04,-1.8929897724585754,0.3290704231568853,-7.85724113961863,-12.12231817120334,-11.793247748046454,-11.705597722325722
AGI,Removal,scheduled,2015-09-04,-5.805855044546737,-3.2101285013298897,0.9918302634667642,2.3445719117910824,-0.8655565895388078,-1.0458494660441011
GTY,Addition,scheduled,2015-09-04,-3.847863664425288,-3.6118527134108565,1.6416929766288835,2.275518870333848,-1.3363338430770084,8.336953235027577
MRM,Removal,scheduled,2015-09-04,7.2207768623813955,7.957918080316407,3.443256530509109,4.814492461731579,12.772410542047988,18.351030117472423
ALU,Addition,scheduled,2015-09-04,7.050969584646227,5.606292620763053,1.276773593246261,-1.6003346303856243,4.0059579903774285,16.908732245714496
BAP,Addition,scheduled,2015-09-04,0.5529741223586848,-0.6084193113393255,0.9807725029201464,2.7402732277331587,2.1318539163938324,4.6048973899896595
CGC,Addition,scheduled,2015-12-04,4.887340259927719,2.344626225349844,5.32780027229297,-8.852342835952221,-6.507716610602378,-2.1073691490874236
PRG,Addition,scheduled,2015-12-04,1.9580498146526293,1.3761200938002371,-4.674065242700255,-5.873353736864395,-4.497233643064158,4.012635336385961
CDD,Removal,scheduled,2015-12-04,2.7770047077412268,-3.393156689797705,-19.999154539296114,-21.904182971527185,-25.29733966132489,-114.81204219357366
PDN,Removal,scheduled,2015-12-04,-0.2158724408719781,-0.7978021617243702,-1.9202302985539266,7.979835720473417,7.182033558749046,10.189050355937125
ARI,Removal,scheduled,2015-12-04,2.2504015009916385,6.931227070847057,3.2332937594465765,-2.502283858245459,4.428943212601595,54.20480003636558
NAB,Addition,off_cycle,2016-01-25,-1.278869516130987,-0.6103246141563989,2.7285819200727146,-1.570346889880203,-2.180671504036602,-2.9177548398849007
LNK,Addition,off_cycle,2016-02-04,0.8404048681809106,-0.7784358981551609,-5.999281409905022,-7.364832657204934,-8.143268555360095,-4.295869072044977
IPH,Addition,scheduled,2016-03-11,-0.2132916776628413,-2.8040549166153173,-7.279935480402611,-7.376493744113577,-10.180548660728892,-1.0796669507554877
AWE,Removal,scheduled,2016-03-11,-1.108512394818339,2.5132178648562653,11.926003869290568,8.136696406946253,10.649914271802519,-4.1981318362800835
KAR,Removal,scheduled,2016-03-11,-2.347316113836006,-6.733319345070965,1.40615241910087,-10.833273200864134,-17.5665925459351,-21.322081920845115
BKW,Addition,scheduled,2016-03-11,2.2331947084564097,3.7198866975665767,0.2681049156813331,5.911127124996163,9.631013822562739,8.033185325561366
SGH,Removal,scheduled,2016-03-11,-0.36712967298311305,-2.3856786386082462,-7.3487728875235145,-10.123251574601145,-12.508930213209391,-15.647349001809514
REC,Removal,off_cycle,2016-04-14,-3.364988347379283,-1.7752283967451987,1.2285286117257654,-102.52705629672988,-104.30228469347507,-118.62029773525376
A2M,Addition,scheduled,2016-06-10,7.267539098725594,8.15475955325865,12.050461917373323,11.742027166662627,19.89678671992128,24.851521528542506
ECX,Addition,off_cycle,2016-06-21,2.170709930321879,3.3798950404407058,-2.7940187849589293,-5.498360089133258,-2.1184650486925527,-1.6696420626104325
RWC,Addition,off_cycle,2016-07-22,1.6166077352792851,-0.9727666302396965,-3.182588212901327,-1.631047008641917,-2.6038136388816135,-1.805102987778917
WEB,Addition,scheduled,2016-09-02,2.7356811118810165,4.248424231263359,3.2111026635391005,4.6931090767028945,8.941533307966253,19.276935995869604
SHV,Removal,scheduled,2016-09-02,-5.442549277491981,-8.89712050668866,0.9964174117460423,-0.8037807804538994,-9.700901287142557,-15.641561101104262
PRG,Removal,scheduled,2016-09-02,-1.962109563754444,-6.933517071284779,6.6765457707339335,16.43903937860471,9.505522307319934,12.074866521950334
VRL,Removal,scheduled,2016-09-02,0.053395739015760224,-0.26686751045507107,10.005407775276108,44.105416034751265,43.83854852429619,-8.774877990977245
NXT,Addition,scheduled,2016-09-02,2.79172525869823,0.9676925468946718,3.6514342692987034,3.583282032599066,4.550974579493738,5.03142253595591
OFX,Removal,scheduled,2016-12-09,-0.4668205330467412,-1.8723069146333815,2.377011108053639,-2.1329927509073143,-4.005299665540695,-6.148186143781654
NAN,Addition,scheduled,2016-12-09,2.111436758383023,1.6348675660797007,1.5190942131037777,-1.4635834361301336,0.1712841299495671,-6.279831588897166
CNU,Addition,off_cycle,2017-04-21,0.4472296250053298,1.1422781054705178,0.5209886502293593,4.283097453215223,5.425375558685741,5.742244787588113
OML,Addition,off_cycle,2017-07-28,4.013759945884898,2.8770857735301525,0.2594086542064056,0.9966622687014759,3.873748042231628,12.022613040482074
NHF,Addition,scheduled,2017-09-01,2.102334754931423,1.3461180970126385,-1.3427929782633075,-4.14543181337188,-2.799313716359242,-1.715001441571562
CLW,Addition,scheduled,2017-09-01,1.0041044150534417,2.0400252986881195,0.6840725700442807,1.4704167533055368,3.5104420519936563,3.900248054467892
SKT,Removal,scheduled,2017-09-01,-0.8906437820983326,-2.900454072079106,5.273170831215523,1.9949551079302852,-0.90549896414882,3.68886239174132
SOL,Addition,scheduled,2017-09-01,1.2962010102241406,1.5181507713750264,3.111254029295052,-2.7321455061548816,-1.2139947347798552,-10.258383139637681
FXJ,Addition,off_cycle,2017-11-07,0.4103857326145377,-0.5969782153872782,-3.2336765092834674,-21.324986963764236,-21.921965179151517,-16.904173353674704
LYC,Addition,scheduled,2017-12-08,11.134393765765104,5.302228911517415,-6.628028874013524,9.106885665827415,14.409114577344829,23.670517212747583
WTC,Addition,scheduled,2017-12-08,1.4685769942029303,1.1889784872790576,0.6040824519016441,9.53302314209973,10.722001629378786,10.559873018719912
REG,Removal,scheduled,2017-12-08,-0.3101447151581671,-2.1347212188754905,-5.009702119479065,-10.631879389271404,-12.766600608146891,-6.77508609708487
AAC,Removal,scheduled,2018-03-09,5.900372280097677,2.5755027601120917,1.3191484592588898,-0.6217611353061541,1.953741624805938,3.677251775091095
XRO,Addition,scheduled,2018-03-09,2.1367378008061877,1.4456428896060025,4.560287415148023,8.558389599080728,10.00403248868673,10.076892636569799
MYR,Removal,scheduled,2018-03-09,-2.533610760174976,-6.438331949865917,0.8476588137727781,-15.367663539573439,-21.805995489439354,-13.58317334998057
HT1,Removal,scheduled,2018-03-09,7.462306834841326,4.849505484912853,-0.9763778924913757,4.033923482126789,8.883428967039642,9.627869719483861
IEL,Addition,off_cycle,2018-05-03,3.8311899938791916,3.502775318968121,-0.9752533086246129,6.006735699259525,9.509511018227645,23.189917560438936
RFG,Removal,scheduled,2018-06-08,-24.09227141561602,-17.92404108716972,1.3278609026682657,-12.117935530766676,-30.041976617936395,-30.785192857359817
INM,Removal,scheduled,2018-06-08,0.5077880605845797,1.2413295038904981,-2.261748291795551,1.2902975024803087,2.531627006370807,5.265447223942266
ING,Addition,scheduled,2018-06-08,-9.521633631619673,0.05925818752319234,1.3075809256120507,-0.6392464769901518,-0.5799882894669595,-1.974854839659967
ELD,Addition,off_cycle,2018-08-31,2.48731136483189,0.4962481312774436,0.3704691079725926,10.283742954254782,10.779991085532226,8.706095551930506
VEA,Addition,off_cycle,2018-09-10,3.039702799336952,5.425075932670964,3.3155058919846603,0.35075004731844883,5.775825979989413,3.318082773234954
EHL,Addition,off_cycle,2018-10-04,7.505653616106489,7.830486329849284,-1.737875627350316,2.149701094235611,9.980187424084896,-3.951504247581182
GTY,Removal,off_cycle,2018-10-04,-0.5187279675139322,-0.19389525377113692,4.503297157162267,3.0521792128368253,2.8582839590656888,4.518336720478622
APO,Removal,off_cycle,2018-10-11,2.5475482192593213,2.691556874812384,-0.6527288793756303,4.09546761758377,6.787024492396155,3.698880756849687
BVS,Addition,off_cycle,2018-10-11,-0.6053557656392368,5.0686120651759925,2.7252487131455787,2.164321689552961,7.232933754728954,16.63930920214036
WES,Addition,off_cycle,2018-11-14,-1.3170157926148285,-2.8764346869389668,0.2164377813909657,-2.7637788870215285,-5.640213573960495,-4.75575721555177
FXJ,Removal,off_cycle,2018-11-21,0.4646764868488362,-0.7136160533119718,3.948779869490271,6.116833898161988,5.403217844850017,
NHC,Addition,off_cycle,2018-11-29,6.35432010589938,6.927411696275909,-2.7262329192891177,4.687894405671299,11.615306101947208,9.841762772206998
HUB,Addition,scheduled,2019-03-08,8.587198381274087,8.165927943809349,4.814694773368178,-1.3567564315102523,6.809171512299097,15.535780444721109
PNI,Addition,scheduled,2019-03-08,1.3284286372265086,-0.7515676238975866,11.899283602245227,8.901004757202191,8.149437133304605,4.952989080101588
ASB,Addition,off_cycle,2019-06-14,7.874012656727358,7.171536459114581,1.9624675227698285,6.389950108086939,13.561486567201518,15.596121265759564
SSM,Addition,scheduled,2019-06-14,3.0210459752511354,4.601169216638235,5.033088904949922,7.6918881306526465,12.293057347290882,13.958613763695748
SWM,Removal,scheduled,2019-06-14,-1.8348289560338737,0.18611645755850503,-1.786949825710837,-4.444070663983002,-4.257954206424497,-13.085746785229379
SYR,Removal,scheduled,2019-06-14,-7.802377888649048,-6.4460454889285534,-12.801308223382634,-10.858530277371214,-17.30457576629977,-9.699794141359657
CUV,Addition,scheduled,2019-06-14,8.418081250535625,8.101381249842156,3.847554735619274,-8.931426633980145,-0.8300453841379887,-3.1205443750746538
PME,Addition,off_cycle,2019-07-31,9.258818900862831,8.952756173783005,-18.56496506399987,-7.092484178808254,1.8602719949747497,26.553453966871842
PGH,Removal,scheduled,2019-09-06,-6.276822676152371,-6.231518933370972,0.6632352332052172,-3.841737915797472,-10.073256849168441,-3.6001721161332045
ECX,Removal,scheduled,2019-09-06,-0.8079372247959737,-0.5221824290047916,0.3434144072820944,6.393866650764201,5.871684221759409,8.958883318122291
PNV,Addition,scheduled,2019-09-06,5.618561937196009,2.816301606438665,-9.285215298207428,-3.54752939600781,-0.7312277895691444,3.147787762101261
EHL,Removal,scheduled,2019-09-06,9.71468335956136,1.4935671888051338,-2.236734972907106,-2.050295190465967,-0.5567280016608338,-6.418231024094313
ALG,Removal,scheduled,2019-09-06,-2.4416964257269025,-2.0234727019046272,6.1650088005925525,2.392812356140805,0.3693396542361782,-5.004803692098738
SLR,Addition,scheduled,2019-09-06,-3.3139880705007174,-2.3953218823044686,-9.11180268220253,-3.8389402793310383,-6.234262161635505,-14.760911640954635
GOR,Addition,scheduled,2019-09-06,-1.4372014269312117,-1.395728221191106,2.434400883423493,-4.52025449875808,-5.915982719949186,-11.970101801753941
CKF,Addition,scheduled,2019-09-06,3.4891803800520704,2.1593122753094662,3.4978583442796922,9.353146334393202,11.51245860970267,15.761247421239199
NWL,Addition,scheduled,2019-09-06,5.157681652785273,5.059839177270997,1.2526044721822838,6.867665344038932,11.927504521309928,13.916575569253707
SIG,Removal,scheduled,2019-09-06,-1.3610065269019085,1.1970222833248223,8.506482267702332,5.396018751590404,6.593041034915226,1.0132370770006842
JIN,Addition,scheduled,2019-09-06,15.043231360330234,11.3107337835612,-10.766267836074716,-10.4780070874106,0.8327266961506008,15.867189503268042
AVH,Addition,off_cycle,2019-11-07,1.236436403620278,1.4207500171935177,-15.228860736263961,-26.73526893002454,-25.31451891283102,-12.725985081738177
EML,Addition,off_cycle,2019-12-05,-2.470504671860285,0.30110938590957037,-6.419833848763812,-5.796389052132145,-5.495279666222574,2.6082195667751398
INA,Addition,scheduled,2019-12-13,0.5790108069723132,0.38081892598731404,6.462390263905116,11.696916121763511,12.077735047750826,3.951527230890462
APE,Addition,scheduled,2019-12-13,4.8621043556342,4.003594971657387,2.6594888003886874,3.4784882959798535,7.4820832676372415,5.469652858812679
GNC,Addition,off_cycle,2020-03-16,5.351894904659559,3.951102271599083,5.940156911224959,-37.139813078274706,-33.18871080667563,-25.470615248282684
MYX,Removal,scheduled,2020-06-12,-14.609190978854459,-11.280666615432068,-10.57915501696979,-0.9271287304217779,-12.207795345853844,1.3767935089492944
PRU,Addition,scheduled,2020-06-12,5.963818645667142,-5.387549458954976,-4.134156143684242,6.381808423182145,0.9942589642271678,19.29091847243254
PLS,Removal,scheduled,2020-06-12,-21.787760762886798,-17.89777356267528,-3.5995772628501514,-4.741376607289061,-22.639150169964342,-4.217033618034873
MSB,Addition,scheduled,2020-06-12,-0.2369354910087278,-3.8042033885364983,10.180962205744425,-10.044346160693598,-13.848549549230095,-2.936858572918889
OBL,Addition,scheduled,2020-06-12,8.77041368770356,5.106210508754694,-1.7745508446085245,-7.16904900885419,-2.0628385000994953,2.076727018834358
PNI,Removal,scheduled,2020-06-12,-6.338490687537079,-9.621774967099894,4.828105187571575,0.5634615649686818,-9.058313402131212,0.11876584972728832
MP1,Addition,scheduled,2020-06-12,-2.1246074236432877,-1.4656983052686257,-11.900458090519429,-16.620098035675447,-18.08579634094407,0.3418752324119376
JIN,Removal,scheduled,2020-06-12,1.653944497582227,3.819047162885547,-3.9028381220485686,-3.2954009106146542,0.5236462522708929,1.6505867093321087
CIP,Addition,scheduled,2020-06-12,7.306389916715961,8.696332685496833,5.9471328933268675,1.7985219245383215,10.494854610035153,8.724987844835141
EHE,Removal,scheduled,2020-06-12,-6.1609650221518315,-5.837036706722542,6.65511902920104,6.120003743726742,0.2829670370042008,-1.0102568319142122
HUB,Removal,scheduled,2020-06-12,-3.835303345849894,-5.5739725584540984,3.3280779592531062,-7.470611226705703,-13.044583785159801,2.236133700040556
TUA,Removal,off_cycle,2020-06-30,,,65.40730258774887,56.889559186360124,56.889559186360124,53.484991978526985
PBH,Addition,off_cycle,2021-01-27,-1.036656422687876,-1.2411242208270168,-1.6483122775298504,4.995968969465359,3.7548447486383423,-1.8819886462014823
CIA,Addition,scheduled,2021-03-12,5.441329550666518,4.918405845366958,-7.307604245331511,-15.453292631353543,-10.534886785986584,2.228659639544705
SSM,Removal,scheduled,2021-03-12,8.999737968230104,6.784313140689835,-0.9958179280615043,-6.890515579530421,-0.10620243884058622,-12.289825976759605
CDA,Addition,scheduled,2021-03-12,9.861791007989495,8.517007372032603,-3.106201060177438,-0.9892560695472836,7.527751302485321,15.409407428904942
BVS,Removal,scheduled,2021-03-12,-2.7092020682556672,-2.712183782999089,2.5169531033704673,-0.647709157706633,-3.359892940705722,0.5142914073640434
GWA,Removal,scheduled,2021-03-12,-7.738614364615415,-6.384130016010426,4.918789857285267,3.215047761446866,-3.16908225456356,0.6964703981163458
NIC,Addition,scheduled,2021-03-12,8.851992773677718,6.6185393471581255,-5.163466201660028,-10.478162983412076,-3.859623636253951,-13.534831307466611
HUB,Addition,scheduled,2021-03-12,10.266418593530858,11.929337091867055,3.3124028358254116,-9.843969044457126,2.08536804740993,4.536959117905859
SIQ,Removal,scheduled,2021-03-12,-8.815844548999141,-6.338195386237345,11.003182189711003,6.366060921678563,0.027865535441217837,4.806853453979188
SFR,Removal,scheduled,2021-03-12,-0.388664316427656,-2.780729865458653,-0.5673385977615908,-1.6469758237382726,-4.427705689196925,-15.061101219856877
PLS,Addition,scheduled,2021-03-12,11.680689746561445,7.489228707075046,-0.3662437309911337,-4.29575263072438,3.1934760763506667,13.990960350493163
NXL,Addition,scheduled,2021-03-12,3.0284455626347073,6.388296662287951,-8.286128537170557,-14.722526237007239,-8.334229574719286,-11.561058737266617
RBL,Addition,off_cycle,2021-04-16,-3.4329167446067954,-5.7100506569528475,-28.017068116272156,-26.95805171314267,-32.66810237009552,-46.6809049357917
WOW,Addition,off_cycle,2021-06-18,0.4876720481820529,0.9321784970797831,-4.189030859701526,-1.9581642008616562,-1.0259857037818731,0.18276406496159314
CNI,Addition,off_cycle,2021-07-08,2.91224127466706,4.152374623218169,-0.1468315486170324,-2.1524653820034656,1.9999092412147035,4.710913284637208
SFR,Addition,off_cycle,2021-11-24,-0.39934197547444317,1.018571820022618,-0.29866183692650594,-5.174778614919684,-4.1562067948970665,1.8512719121488437
360,Addition,off_cycle,2021-12-07,-5.867508443977442,8.17118325208761,4.12963981604173,-16.134710474960677,-7.963527222873068,-21.372533088016997
CHN,Addition,off_cycle,2021-12-08,-1.2335242380628442,-2.2684761507002937,-4.039168216640454,-5.219410179727335,-7.487886330427629,-7.691330109446904
SQ2,Addition,off_cycle,2022-01-14,,,-11.574237128417797,-13.766911295549779,-13.766911295549779,-16.261838723678167
ARF,Addition,off_cycle,2022-02-01,6.534463712466199,1.5739385845725984,0.05631836212368624,-1.3914115036441466,0.18252708092845182,3.2032181363541357
TLX,Addition,off_cycle,2022-02-03,-5.174565188337487,-9.234406235293468,-1.425960433921647,-15.313575740557006,-24.54798197585048,-38.95315155631823
MSB,Removal,scheduled,2022-03-04,-9.20727004653612,-7.810647501150769,15.820936240526471,17.603203833812486,9.79255633266172,2.294296261056862
AVZ,Addition,scheduled,2022-03-04,1.0028578389742693,-6.5095607528036,3.036689392893199,2.54459123915084,-3.964969513652762,29.371918237030407
HMC,Addition,scheduled,2022-03-04,4.426891639980268,4.008128061650362,-2.399783667618771,-2.5179318308737217,1.4901962307766414,-3.811129921127598
URW,Removal,scheduled,2022-03-04,-12.944773125383378,-12.896752156721725,3.9666815099568264,7.145331108505548,-5.7514210482161765,-0.7852004954795553
SPK,Removal,scheduled,2022-03-04,0.6446985491328716,0.43942640352256923,-0.09058855771179042,-1.0145280767052567,-0.5751016731826875,-4.51988456064275
CCX,Addition,scheduled,2022-03-04,-7.8081073504868375,-7.048046643753259,-6.210961159440254,-1.0604180075872174,-8.108464651340473,-11.21744188410987
SKC,Removal,scheduled,2022-03-04,-0.6884090673417109,-1.6660329536176244,-2.901502676476886,0.24606192017376793,-1.4199710334438564,-8.435462830739404
DEG,Addition,scheduled,2022-03-04,13.660177096048487,18.27998990922929,1.9278931525247844,-7.932879975494045,10.347109933735243,1.8599677674771549
HDN,Addition,off_cycle,2022-04-07,-2.6523230270862674,-1.5151082454944453,-1.3818868330900957,1.4093614714949299,-0.10574677399951593,-9.920159565244102
TAH,Addition,off_cycle,2022-05-17,1.0131657762411095,2.6174632995505487,45.83941511699289,32.53668425618403,35.154147555734575,51.506750296536836
LKE,Addition,scheduled,2022-06-03,5.083448670924341,6.132145590800031,3.766587378726493,10.44895820715073,16.58110379795076,-38.25682963091802
APX,Removal,scheduled,2022-06-03,-1.4231302596628859,-0.4830130438532865,-8.72146964638809,5.457993115289503,4.974980071436217,4.073197120208914
CXO,Addition,scheduled,2022-06-03,8.011141638585272,4.505288415003983,8.126377214880709,1.498476252857028,6.003764667861011,-7.935946717552067
NHC,Addition,scheduled,2022-06-03,6.1326451602413234,3.7294881732544582,0.5547526238204203,-8.878563179646736,-5.1490750063922786,4.4261429567802875
CDA,Removal,scheduled,2022-06-03,-5.367126788326826,-2.8749772211217106,-2.554656946907652,-0.7581910283711029,-3.6331682494928135,2.782766541475789
PTM,Removal,scheduled,2022-06-03,-4.1948922314208765,-2.270772637355911,1.954476336614197,8.376781672523782,6.10600903516787,4.5262877161598585
TYR,Removal,scheduled,2022-06-03,-7.397672535159961,-5.23053144331429,1.1679076479239936,3.5973352968974193,-1.6331961464168714,-32.6176045670944
BRN,Addition,scheduled,2022-06-03,-7.000203107476876,-4.18345025312038,-11.629876998699562,1.1951633930723213,-2.988286860048059,-12.413083171846964
PNV,Removal,scheduled,2022-06-03,-4.368243099010605,0.686348485737942,5.692804332388812,26.144529207230146,26.83087769296809,26.96150439645124
CRN,Addition,off_cycle,2022-06-15,6.69811571572606,9.515406434110496,-12.554550148643372,-7.4509716157352575,2.0644348183752377,-5.812246278031373
WAF,Addition,off_cycle,2022-07-15,6.101638082516625,2.7098048072419223,-8.036317941582372,1.9425147238520175,4.652319531093941,6.260075994436198
ILU,Addition,off_cycle,2022-07-25,-0.7483843602809848,-0.9940926311287179,1.6732021801271868,4.2470407071726335,3.2529480760439156,-0.5584876308563191
SYA,Addition,scheduled,2022-09-02,-12.089630825070442,-9.025834724269854,24.660422144678208,16.6308344991121,7.604999774842244,-12.153953628423057
SIQ,Addition,scheduled,2022-09-02,2.449712105954971,1.270519365695566,-1.2882164482243441,-4.929136058067307,-3.658616692371741,-8.38745686005703
SPK,Addition,scheduled,2022-09-02,1.9527402578266573,1.7912953514839347,0.007023255732951927,-3.723166139280143,-1.9318707877962078,-0.11131253087564019
JHG,Removal,scheduled,2022-09-02,-0.37682810442679626,0.49401327843803244,5.493675335594006,5.749710904186033,6.243724182624067,51.65427707348136
EML,Removal,scheduled,2022-09-02,-6.7120592260612515,-1.8181155070493227,14.95251989695636,10.668421571059383,8.850306064010063,-5.97484074919188
360,Removal,scheduled,2022-09-02,-0.1940501912891186,0.5849974765115178,11.358176256960549,11.680731933304923,12.26572940981644,6.080394093305452
AVZ,Removal,scheduled,2022-09-02,1.9236863662128512,-0.09726329569842429,-0.6397650530421961,1.5825831244750121,1.4853198287765879,5.6908564762050755
CCX,Removal,scheduled,2022-09-02,-2.5570046358405545,-1.2344924019690118,5.1342904973869175,9.856720203420721,8.622227801451709,-14.273301975609801
CMM,Addition,scheduled,2022-09-02,-3.0341420980049327,-1.219470828698943,0.5453846755609226,-16.47463216407953,-17.694102992778472,-4.958088741559134
CQE,Addition,scheduled,2022-09-02,-0.23396746102498645,-0.8999044179429538,-2.4762190546813168,-2.3399594118847737,-3.239863829827727,-9.01037572454604
CUV,Removal,scheduled,2022-09-02,-0.297998364156149,4.423737599071121,7.315587013081726,11.066219028852508,15.489956627923632,8.4065896026974
JLG,Addition,scheduled,2022-09-02,-2.2125389835742304,-0.39301597192568094,-3.08878800823873,-9.304826968562619,-9.6978429404883,-2.4726890159530224
KAR,Addition,scheduled,2022-09-02,1.1739724668377804,4.293200722046386,-5.106640423032672,-3.177815319896893,1.115385402149493,-1.6649171581810793
LOV,Addition,scheduled,2022-09-02,1.5849633417655107,2.901685316797331,2.8113417805487484,1.3772173642680792,4.278902681065411,2.8043736241755934
ZIP,Removal,scheduled,2022-09-02,-11.680505264196462,-5.84805289576753,5.7184367961250695,1.3320432216905704,-4.51600967407696,-21.316324849907076
PBH,Removal,scheduled,2022-09-02,-24.88434789687132,-11.043226228629477,7.478861240688406,-1.3246219887148127,-12.367848217344289,-23.74523266664942
SBM,Removal,scheduled,2022-12-02,12.406490126726643,10.06455787268491,-3.233351801638017,8.239517838385458,18.304075711070368,30.98857467163304
MND,Addition,scheduled,2022-12-02,-2.108487127339609,-0.19792603471278092,2.5178178556375386,2.3306923118130207,2.13276627710024,-0.13178504590817264
PXA,Addition,off_cycle,2023-01-06,4.286612030717829,4.683388495183527,-5.468722393857606,1.1908196094896573,5.874208104673184,5.845494319152256
SIQ,Removal,scheduled,2023-03-03,1.0876291720687048,2.057457665329787,-0.24520303431847523,-1.1952990472214653,0.8621586181083218,4.673753374455503
ABC,Removal,scheduled,2023-03-03,-0.3971095436581584,2.5792665989259334,1.384985795344773,1.7992974210460977,4.378564019972031,-3.0488007927747196
RMS,Removal,scheduled,2023-03-03,12.954688612229637,9.865722138980114,-12.586616587777687,9.138009600482302,19.003731739462417,28.314788297274895
SYR,Addition,scheduled,2023-03-03,-1.9944091158419446,-5.40867929986948,-3.563482682913144,-10.153509078386756,-15.562188378256236,-2.4404389486212636
NVX,Removal,scheduled,2023-03-03,-4.6261146369917405,1.7155944409633528,3.3542315025181013,-5.373019251931355,-3.657424810968002,-13.30468949889394
NWH,Addition,scheduled,2023-03-03,2.8509049808067455,-0.6123470406126041,-6.0034879904315,-13.70552761980529,-14.317874660417894,-3.935924855906114
360,Addition,scheduled,2023-03-03,4.53667529816847,11.123735982651285,-2.1930616318637464,-1.6775404240839675,9.446195558567318,7.406691691263103
PNV,Addition,scheduled,2023-03-03,-5.254791350417632,-6.489944278342364,-0.34578420261384135,-3.816022143026665,-10.305966421369028,-24.89939702822226
BGL,Addition,off_cycle,2023-04-13,4.793593716275946,2.4615077958890508,-10.243495231993236,-5.533050093082036,-3.0715422971929858,-10.637338176872102
OZL,Removal,off_cycle,2023-04-13,-0.593799610682233,-0.20449197394410978,6.723354956185867,7.444043683238821,7.239551709294711,8.771459397925284
VNT,Addition,off_cycle,2023-07-18,-0.2738134017303495,-1.3204169491301654,-4.084630488647545,-7.298781085213092,-8.619198034343256,-5.9331161150380405
BKL,Removal,off_cycle,2023-07-18,-0.38167075541705175,-0.400924076405329,3.45514985608969,3.057976384344352,2.657052307939023,
ABP,Addition,off_cycle,2023-07-27,0.42405634856240715,1.696591012901405,-55.23251033648367,-60.337544481233586,-58.64095346833217,-58.25495001352115
NEU,Addition,scheduled,2023-09-01,-12.47253535762729,-9.51125629658699,0.4722717564039969,-2.87981926243004,-12.391075559017027,-8.377110646417274
IMU,Removal,scheduled,2023-09-01,-1.7170122025888856,-4.643181728933743,-3.9092507225599427,-5.370186317945936,-10.013368046879677,-33.42790762129154
RMS,Addition,scheduled,2023-09-01,-3.9128630359545724,-3.8087259904250548,-1.9590408014096394,6.471309943873438,2.6625839534483835,9.96082792007017
BRN,Removal,scheduled,2023-09-01,4.863573635541418,-1.6989493628577046,-2.560592867654976,-5.536099035661646,-7.235048398519351,-45.360717756406196
DTL,Addition,scheduled,2023-09-01,-2.3222633919238955,-1.9489389057110618,-1.6429464194699928,-4.194128308503764,-6.143067214214826,0.8748686145562128
SYR,Removal,scheduled,2023-09-01,7.635762790914247,4.168474686200141,-3.5240997777495235,0.017439841313127147,4.185914527513268,-5.933499700258281
LKE,Removal,scheduled,2023-09-01,-7.2148813199973905,-9.436323413286107,-2.6961568923543955,-9.357564838594111,-18.793888251880215,-14.694829841297373
ABG,Removal,scheduled,2023-09-01,-1.134860996844056,-1.0307239513145383,-3.3785922528411394,-9.59945609718007,-10.630180048494609,-8.788057577826667
ASK,Removal,scheduled,2023-09-01,0.13600634289969715,1.8211743697350569,-2.983159859448936,-5.073029595078382,-3.2518552253433253,-14.081685381067064
GMD,Addition,scheduled,2023-09-01,5.250928163800916,5.97618262388977,-4.197359659834953,-2.7170531228966506,3.2591295009931187,-9.925594426667374
WBT,Addition,scheduled,2023-09-01,6.399545712219133,7.744382215112732,2.049048564086387,-0.33841431590176807,7.405967899210962,-16.697791366725355
UMG,Removal,off_cycle,2023-10-13,1.076495655714682,0.9115637763034368,1.9903933300319143,3.059935656456292,3.971499432759728,1.7835675183730304
LNW,Addition,off_cycle,2023-10-13,6.9571513590364065,6.3008499267106055,0.17954323930036153,-0.37312833480492813,5.927721591905678,15.985201358236411
NCM,Removal,off_cycle,2023-10-24,-4.07735449975336,-2.8822461327302484,-0.19424512087142798,-3.0643628767770825,-5.9466090095073305,
NEM,Addition,off_cycle,2023-10-24,,,-6.937075645516599,-16.82707122526336,-16.82707122526336,-10.703412403237166
CMW,Removal,scheduled,2023-12-01,-0.05264531823102603,-1.6390935864990408,1.4515743521331337,-6.944309844621687,-8.583403431120729,-10.088042676590312
GOZ,Removal,scheduled,2023-12-01,0.02111855214433911,0.7602483894449841,6.1367469879864185,1.7334509588288407,2.493699348273826,-1.131802580651608
BOE,Addition,scheduled,2023-12-01,-0.9923624908362849,1.6291184924891788,-8.12925995860929,-9.657477836340313,-8.028359343851132,-3.4626554042151
LNK,Removal,scheduled,2023-12-01,5.056121103018086,4.195250940318729,2.2784293846228936,13.51274500483336,17.70799594515209,44.41671316555961
HLI,Addition,scheduled,2023-12-01,4.3056177458936755,3.8192507671192977,-3.034052996243841,-5.457164713234541,-1.6379139461152437,0.04922343001511065
SIQ,Addition,scheduled,2023-12-01,1.173196131434906,1.3275260639730502,-5.980599520596307,-3.230798301711002,-1.9032722377379518,-4.289393626158166
AKE,Removal,off_cycle,2023-12-19,-1.820787769716714,-3.7589959513536386,-6.586615280641028,-4.9405990641028685,-8.699595015456506,-8.197530719800781
CGC,Removal,off_cycle,2024-02-01,-1.0058292068526153,0.05335341901622215,0.7778477052772681,1.2107824789104549,1.264135897926677,-0.2584331612401014
STX,Addition,off_cycle,2024-02-01,2.222793547998969,2.1055067406013706,-3.7132177161670943,-28.255479627847667,-26.1499728872463,-60.18319955314147
SDR,Addition,scheduled,2024-03-01,11.910649131111807,7.342405679288134,-5.784916730361489,-1.706221855525392,5.6361838237627415,2.169859103485452
RED,Addition,scheduled,2024-03-01,3.775515535934127,2.7370317200068,4.38631341502469,8.213344991208228,10.950376711215029,16.56662571408648
SMR,Addition,scheduled,2024-03-01,3.635955857938089,5.028798826913306,2.093224178373132,-3.5363700844816996,1.4924287424316072,-0.11113666647560905
CXO,Removal,scheduled,2024-03-01,13.060823859478788,15.886387651603807,-16.53467055277863,-28.693901410090447,-12.80751375848664,-29.35798754236562
SYA,Removal,scheduled,2024-03-01,11.517357027775622,12.017334750309828,-10.423449033410504,-10.083412615348411,1.933922134961417,-5.747392896982619
CHN,Removal,scheduled,2024-03-01,-3.4867727978325602,7.330664941811016,5.301151216870972,-5.764635918751181,1.5660290230598353,-1.9702278649724159
AD8,Addition,scheduled,2024-03-01,-0.7867119507967923,-6.714647792970096,2.5556031235362986,8.075672715911786,1.3610249229416898,-10.270312751916244
WBT,Removal,scheduled,2024-03-01,8.943337660040116,-0.1526470108688338,-0.8746534243392001,-6.5243871630522925,-6.677034173921126,-30.902756078278536
SIG,Addition,off_cycle,2024-05-02,2.846379880700467,2.4077770511665264,-1.992726297866254,-5.9905901227834235,-3.582813071616897,-1.878125779243112
BLD,Removal,off_cycle,2024-05-02,1.7034345040549126,1.172405114673658,0.0014934258945831225,-4.417821531752731,-3.2454164170790722,0.23382188025391493
SLR,Removal,off_cycle,2024-05-31,-4.216187296420171,-1.3707466507732802,6.870433022563849,6.163274552694397,4.792527901921117,4.796392825421402
JDO,Addition,off_cycle,2024-06-11,4.474126803793821,3.4357826791970414,-0.2708290757443721,-0.19349904248842087,3.2422836367086214,4.2242079374772645
CSR,Removal,off_cycle,2024-06-11,1.5835168515565323,1.9585193100458254,-0.7020305669391491,0.1702211046296198,2.128740414675445,1.2721349127311155
AAI,Addition,off_cycle,2024-07-19,,,-3.1115703593321165,-6.238372195467301,-6.238372195467301,1.7140317847550102
AWC,Removal,off_cycle,2024-07-19,-7.32192029780634,-3.8837932654822938,-1.9083517631394709,-2.227336036039551,-6.111129301521845,-2.4148848353492403
NAN,Removal,scheduled,2024-09-06,3.2954002718678987,0.20826296221607699,-4.165577852342029,-1.8040324177400318,-1.5957694555239543,-1.9946417859474934
DHG,Removal,scheduled,2024-09-06,2.146003139666053,-1.142802362127393,-1.2996307770809512,0.3066526673243919,-0.8361496948030012,11.578838534303813
WGX,Addition,scheduled,2024-09-06,0.8187974033201262,-4.234521737556928,2.1793632360350146,-4.719390532906942,-8.953912270463869,-16.453862012670395
YAL,Addition,scheduled,2024-09-06,1.4861076552228347,4.644687445535789,-2.357095236861806,-2.7880774826556265,1.8566099628801624,12.349999234221288
STX,Removal,scheduled,2024-09-06,-2.4611457959983656,6.048193928379419,9.488670064061234,18.17577687465531,24.22397080303473,31.64447111478993
GYG,Addition,scheduled,2024-09-06,9.317567165876506,7.481425004260389,-6.272700228826212,-3.0955901293908017,4.385834874869587,0.2122488346306901
CDA,Addition,off_cycle,2024-09-18,2.4850473744027046,0.9032756991397828,1.7963162375978947,3.393791999712369,4.297067698852152,3.727638833648217
VUK,Removal,off_cycle,2024-09-18,-1.099303186907008,-1.0980743101409063,0.8054709813231864,-0.21434848620749403,-1.3124227963484003,
CU6,Addition,scheduled,2024-12-06,-2.0722874468691366,1.1818725396058882,-19.18411842400399,-15.047500480688058,-13.865627941082172,-24.034981206484908
SPK,Removal,scheduled,2024-12-06,-1.0294950883049325,0.6253040949406041,2.354693306619504,3.6161478337813246,4.241451928721929,3.1115237618408624
MSB,Addition,off_cycle,2025-02-28,1.970222129034127,2.3039316360932816,-13.699716686118924,-12.568962130114759,-10.265030494021477,-14.663071636197236
DGT,Addition,scheduled,2025-03-07,-2.31290029749579,-3.828468421989395,-8.57733727924661,-13.01530615066194,-16.843774572651338,-43.25652531215994
CSC,Addition,scheduled,2025-03-07,5.247199364468013,-0.3114153384388252,-0.07412151721925042,7.286728769771544,6.975313431332719,-20.684642715467813
CQE,Removal,scheduled,2025-03-07,-0.20808925255461075,-1.4700766598417014,1.4682302627126331,-3.927134230029628,-5.397210889871329,0.15132471312826468
CRN,Removal,scheduled,2025-03-07,1.2959670029874748,1.6694181724902113,-2.2404876386010306,-24.141947240608054,-22.47252906811784,-56.83842769206858
JLG,Removal,scheduled,2025-03-07,-1.8262588097798016,-10.148143137978384,3.499230667561404,-1.87721611121554,-12.025359249193924,-20.387816855081606
SPR,Addition,scheduled,2025-03-07,7.151518025417625,6.581571681715159,8.76590924618742,15.76474075780173,22.346312439516893,35.68790162571986
CKF,Removal,scheduled,2025-03-07,2.6815922249976865,1.7611773993203794,-1.6879035373921103,-0.004337484874039621,1.7568399144463398,5.667662456459066
TPW,Addition,scheduled,2025-03-07,3.6924656669818257,5.527808792409039,-3.7990440830173,0.8278174575172219,6.355626249926261,-2.203209677142815
MAQ,Addition,scheduled,2025-03-07,2.160801104704879,2.1174794057322255,2.807486175003948,-0.0896145956783223,2.027864810053902,-10.649605851813968
IMD,Addition,scheduled,2025-03-07,5.267037116943152,3.019244075371297,-5.107009758956217,-5.088655389171594,-2.069411313800296,-5.2040784358446395
KLS,Removal,scheduled,2025-03-07,-1.2373702279440457,-0.2593228643488099,-5.3112536855147825,-9.549900583884485,-9.809223448233295,-14.449843010490556
SGR,Removal,scheduled,2025-03-07,2.2023787452924215,1.632432401589956,2.176160561160456,0.3649271377098251,1.9973595392997812,5.3159238183006385
AD8,Removal,scheduled,2025-03-07,-4.672843056453546,-5.617317890967044,-11.582287466032792,-11.87546502398421,-17.49278291495126,-25.795095203989078
NXL,Addition,scheduled,2025-03-07,6.5034204105414055,9.473300623306057,-1.8029395855377772,-7.541978263908279,1.9313223593977789,-12.402606134253848
GDG,Addition,off_cycle,2025-04-16,4.116128071925173,2.157528652920704,-17.461944103584592,-16.559981365054742,-14.402452712134039,-3.51706629232765
DEG,Removal,off_cycle,2025-04-16,2.9781477165938486,1.5724086236061363,-8.380486909101304,-10.06180718866414,-8.489398565058003,
NCK,Addition,scheduled,2025-06-06,-1.6773173016119136,-2.34150560213483,0.5924318480056256,-1.2144557758118513,-3.555961377946682,-5.630402951392933
SMR,Removal,scheduled,2025-06-06,-0.26818195377226184,0.2160083942530644,-0.25452197479266525,-0.8133701429225426,-0.5973617486694782,1.2492808116367438
HLS,Removal,scheduled,2025-06-06,-6.336503491112966,-1.7727437311654048,-1.3297562219757086,-10.064353160495964,-11.83709689166137,-12.61804119218135
ASB,Addition,scheduled,2025-06-06,3.8682573016149857,4.507713495646493,3.921857958156061,1.958751806758663,6.4664653024051555,-0.2610699792180968
SPR,Removal,off_cycle,2025-07-15,5.515047515662808,2.210514958758114,6.31335920787569,,8.523874166633805,
IFT,Addition,off_cycle,2025-07-15,3.9555429624914873,4.44795019580515,-1.022988710470385,5.628459257449481,10.07640945325463,7.213410234660289
PRN,Addition,scheduled,2025-09-05,2.168131275030827,3.1717038167139333,1.976462725720951,4.275654848690114,7.447358665404047,19.86751639266782
GQG,Addition,scheduled,2025-09-05,0.7702987411049023,0.044771744781568756,-5.036481507127267,-4.884918156356022,-4.8401464115744535,-3.6001696098804437
SLC,Addition,scheduled,2025-09-05,9.154089052754443,10.512271193727774,-2.289313209356192,3.9256727077852993,14.437943901513073,13.793234101947295
GGP,Addition,scheduled,2025-09-05,1.1964420439962153,4.138623381314233,-2.978061609245597,1.7731084149829157,5.911731796297148,19.0120683561041
TUA,Addition,scheduled,2025-09-05,9.122520443782346,9.328221403926573,-6.442542421259201,-11.013598446953278,-1.685377043026703,-8.831996196851057
AOV,Removal,scheduled,2025-09-05,-2.01023257513,-2.7961330563261333,-5.912756721088098,-5.1681632958750505,-7.964296352201183,-10.0888444608767
CCP,Removal,scheduled,2025-09-05,2.063565217063401,-0.2620138321613452,0.4949480207049106,5.992873601843418,5.7308597696820724,-6.56649649997244
PNV,Removal,scheduled,2025-09-05,5.088014564157383,4.286534663220609,-1.9607210676591764,8.097969531972625,12.384504195193236,5.634283772740354
SIQ,Removal,scheduled,2025-09-05,-0.865249032539106,-2.3447541586134157,-5.539796724536428,-5.352350697105491,-7.697104855718905,-10.251477658214105
IPX,Addition,scheduled,2025-09-05,1.2129931939839689,1.2510461265446415,-10.989129871273562,-12.67175752111871,-11.42071139457407,11.61600293182068
CU6,Removal,scheduled,2025-09-05,0.3482754069826566,0.38409921539910297,3.1236607930990488,18.917829947367192,19.301929162766296,48.87563223742364
NXL,Removal,scheduled,2025-09-05,-0.42320097756440855,2.213023036548023,-3.010546664981961,15.467298620366508,17.680321656914536,26.672191717003415
LIC,Removal,scheduled,2025-09-05,0.22469723493653282,1.600708907955517,3.381042524508282,10.327999386590548,11.928708294546064,0.2447443215997227
MAQ,Removal,scheduled,2025-09-05,1.2253778046979469,1.7117102824835695,3.664965720404812,10.09328844788564,11.80499873036921,13.051052918670369
EBO,Addition,scheduled,2025-09-05,-4.55261695504533,-1.9421223210783323,-5.450998209305102,-9.170608549964765,-11.112730871043098,-7.382941770707186
DRO,Addition,scheduled,2025-09-05,1.4622190715024237,1.822697721876032,0.7207112123568393,2.1657726397625527,3.9884703616385853,63.70589736959819
DBI,Addition,scheduled,2025-09-05,0.8014029113019072,1.5740280948318253,-3.575108927296866,-3.2239225599744015,-1.6498944651425766,1.3363713137441446
NUF,Removal,scheduled,2025-09-05,-2.1157420567968876,-0.26110646242651914,-1.4572189520900447,1.3383458214694781,1.0772393590429585,-1.5229740241297751
CYL,Addition,off_cycle,2025-09-09,4.79176696382706,3.383978904204943,-3.0858169675563647,5.276306038696388,8.660284942901331,-2.393918356583292
BKW,Removal,off_cycle,2025-09-09,1.7486071390323876,2.0079093013187777,-9.71664043949716,-9.365721188005795,-7.357811886687017,
CAT,Addition,off_cycle,2025-09-22,4.590210227908054,3.045996353815006,-5.857095091898589,-3.1745852191196073,-0.1285888653046019,-3.610471769179834
GOR,Removal,off_cycle,2025-09-22,0.338115531607186,1.6421115403596698,68.25235378988782,66.84869040813413,68.49080194849381,67.58004743898712
ING,Removal,scheduled,2025-12-05,-0.3286306582794718,1.1317638228399929,-4.852568958708414,-5.220046541895684,-4.088282719055691,0.8169529022795219
ABB,Addition,scheduled,2025-12-05,-1.1194829742099288,-0.06984050751968063,-2.224369546959648,-6.005972703041273,-6.075813210560954,-4.062567919814763
OBM,Addition,scheduled,2025-12-05,-5.862728266361716,-3.639684725321013,7.730441115821173,21.056623417336,17.41693869201498,20.724978312417452
IPH,Removal,scheduled,2025-12-05,0.24239424348136973,1.3719153540711737,-4.308066096224739,-5.782136004958938,-4.410220650887764,3.259900565408469
PNR,Addition,scheduled,2025-12-05,-1.5449139058838157,5.735309184791248,-0.23841075641868326,1.114363875985569,6.849673060776817,15.079333063089072
CTD,Removal,scheduled,2025-12-05,-0.33976086754983204,-0.06984050751968063,-0.8503018837298426,0.02187354739578984,-0.04796696012389079,-0.9172038510764535
BAP,Removal,scheduled,2025-12-05,0.6412194677931304,2.627876444252164,-27.06991451391205,-7.304725858755535,-4.676849414503372,-5.779429419641366
SLX,Addition,scheduled,2025-12-05,-1.497626030794863,-2.1461892913810177,-2.7109099446306573,-5.142316942490853,-7.288506233871871,-12.543574377610641
NXG,Addition,scheduled,2025-12-05,1.9079430017400423,1.4594698206664702,-0.8292073149352985,-9.367907402271348,-7.9084375816048755,13.030882740264893
CAT,Removal,scheduled,2026-03-06,,,,,,
PDI,Addition,scheduled,2026-03-06,,,,,,
SRG,Addition,scheduled,2026-03-06,,,,,,
